{
    "pools": [
        {
            "rolls": 1,
            "entries": [
                {
                    "type": "minecraft:item",
                    "name": "minecraft:iron_boots",
					"functions": [
						{
							"function": "copy_nbt",
							"source": {
								"type": "minecraft:storage",
								"source": "atlantide:items"
							},
							"ops": [
								{
									"source": "all.palms.tag",
									"target": "{}",
									"op": "merge"
								}
							]
						}
					]
                }
            ]
        }
    ]
}