{
	"pools": [
		{
			"rolls":1,
			"entries": [
				{
					"type": "item",
					"name": "enchanted_book",
					"functions": [
						{
							"function": "copy_nbt",
							"source": {
								"type": "minecraft:storage",
								"source": "atlantide:items"
							},
							"ops": [
								{
									"source": "all.runes.tag",
									"target": "{}",
									"op": "merge"
								}
							]
						},
						{
							"conditions": [
								{
									"condition": "random_chance",
									"chance": 0.5
								}
							],
							"function": "enchant_randomly",
							"enchantments": [
								"aqua_affinity","bane_of_arthropods","blast_protection","channeling","depth_strider","efficiency","feather_falling","fire_aspect","fire_protection","flame","fortune","frost_walker","impaling","infinity","knockback","looting","loyalty","luck_of_the_sea","lure","mending","multishot","piercing","power","projectile_protection","protection","punch","quick_charge","respiration","riptide","sharpness","silk_touch","smite","soul_speed","sweeping","swift_sneak","thorns","unbreaking"
							]
						},
						{
							"conditions": [
								{
									"condition": "random_chance",
									"chance": 0.5
								}
							],
							"function": "enchant_randomly",
							"enchantments": [
								"aqua_affinity","bane_of_arthropods","blast_protection","channeling","depth_strider","efficiency","feather_falling","fire_aspect","fire_protection","flame","fortune","frost_walker","impaling","infinity","knockback","looting","loyalty","luck_of_the_sea","lure","mending","multishot","piercing","power","projectile_protection","protection","punch","quick_charge","respiration","riptide","sharpness","silk_touch","smite","soul_speed","sweeping","swift_sneak","thorns","unbreaking"
							]
						},
						{
							"conditions": [
								{
									"condition": "random_chance",
									"chance": 0.5
								}
							],
							"function": "enchant_randomly",
							"enchantments": [
								"aqua_affinity","bane_of_arthropods","blast_protection","channeling","depth_strider","efficiency","feather_falling","fire_aspect","fire_protection","flame","fortune","frost_walker","impaling","infinity","knockback","looting","loyalty","luck_of_the_sea","lure","mending","multishot","piercing","power","projectile_protection","protection","punch","quick_charge","respiration","riptide","sharpness","silk_touch","smite","soul_speed","sweeping","swift_sneak","thorns","unbreaking"
							]
						},
						{
							"function": "enchant_randomly",
							"enchantments": [
								"aqua_affinity","bane_of_arthropods","blast_protection","channeling","depth_strider","efficiency","feather_falling","fire_aspect","fire_protection","flame","fortune","frost_walker","impaling","infinity","knockback","looting","loyalty","luck_of_the_sea","lure","mending","multishot","piercing","power","projectile_protection","protection","punch","quick_charge","respiration","riptide","sharpness","silk_touch","smite","soul_speed","sweeping","swift_sneak","thorns","unbreaking"
							]
						}
					]
				}
			]
		}
	]
}