{
	"credit": "Made with Blockbench",
	"texture_size": [32, 32],
	"textures": {
		"0": "item/atlantis/harpoon",
		"particle": "item/atlantis/harpoon"
	},
	"elements": [
		{
			"from": [7, -2, -8],
			"to": [9, 6, -5],
			"rotation": {"angle": 22.5, "axis": "x", "origin": [0, -2, -8]},
			"faces": {
				"north": {"uv": [0, 8, 4, 7], "rotation": 90, "texture": "#0"},
				"east": {"uv": [0, 7, 4, 5.5], "rotation": 90, "texture": "#0"},
				"south": {"uv": [0, 4.5, 4, 5.5], "rotation": 90, "texture": "#0"},
				"west": {"uv": [0, 5.5, 4, 7], "rotation": 90, "texture": "#0"},
				"down": {"uv": [4, 5.5, 5, 7], "texture": "#0"}
			}
		},
		{
			"from": [7, 2, -4],
			"to": [9, 5, -3],
			"rotation": {"angle": 22.5, "axis": "x", "origin": [0, -2, -6]},
			"faces": {
				"north": {"uv": [4, 4.5, 5.5, 5.5], "rotation": 90, "texture": "#0"},
				"east": {"uv": [4, 5, 5.5, 5.5], "rotation": 90, "texture": "#0"},
				"south": {"uv": [4, 4.5, 5.5, 5.5], "rotation": 90, "texture": "#0"},
				"west": {"uv": [4, 4.5, 5.5, 5], "rotation": 90, "texture": "#0"},
				"down": {"uv": [5.5, 4.5, 6, 5.5], "rotation": 90, "texture": "#0"}
			}
		},
		{
			"from": [7, 6.1, -8],
			"to": [9, 7.1, -4],
			"rotation": {"angle": 22.5, "axis": "x", "origin": [0, 5, -8]},
			"faces": {
				"north": {"uv": [11.5, 0, 12.5, 1.5], "texture": "#0"},
				"east": {"uv": [10.5, 0, 12.5, 1.5], "texture": "#0"},
				"west": {"uv": [10.5, 0, 12.5, 1.5], "rotation": 180, "texture": "#0"},
				"up": {"uv": [14.5, 0, 12.5, 1], "rotation": 90, "texture": "#0"},
				"down": {"uv": [12.5, 0, 14.5, 1], "rotation": 90, "texture": "#0"}
			}
		},
		{
			"from": [6.5, 3, -6],
			"to": [9.5, 6, 12],
			"rotation": {"angle": 0, "axis": "y", "origin": [0, -2, -11]},
			"faces": {
				"north": {"uv": [9, 0, 10.5, 1.5], "texture": "#0"},
				"east": {"uv": [9, 0, 0, 1.5], "texture": "#0"},
				"south": {"uv": [9, 1.5, 11, 3.5], "texture": "#0"},
				"west": {"uv": [0, 0, 9, 1.5], "texture": "#0"},
				"up": {"uv": [0, 3, 9, 1.5], "rotation": 90, "texture": "#0"},
				"down": {"uv": [9, 4.5, 0, 3], "rotation": 90, "texture": "#0"}
			}
		},
		{
			"from": [7.5, 5.3, -2],
			"to": [8.5, 6.3, 11.7],
			"rotation": {"angle": 0, "axis": "y", "origin": [0, 0, -13]},
			"faces": {
				"north": {"uv": [2, 2, 2.5, 2.5], "texture": "#0"},
				"east": {"uv": [8.85, 1.5, 2, 2], "texture": "#0"},
				"south": {"uv": [8.5, 2, 9, 2.5], "texture": "#0"},
				"west": {"uv": [2, 2.5, 8.85, 3], "texture": "#0"},
				"up": {"uv": [2, 2, 8.85, 2.5], "rotation": 90, "texture": "#0"}
			}
		},
		{
			"from": [7.5, 4, 11],
			"to": [8.5, 5, 24],
			"rotation": {"angle": 0, "axis": "y", "origin": [0, 0, 1]},
			"faces": {
				"east": {"uv": [0, 8, 5.5, 8.5], "texture": "#0"},
				"west": {"uv": [0, 8, 5.5, 8.5], "texture": "#0"},
				"up": {"uv": [0, 8, 5.5, 8.5], "rotation": 90, "texture": "#0"},
				"down": {"uv": [0, 8, 5.5, 8.5], "rotation": 90, "texture": "#0"}
			}
		},
		{
			"from": [7.5, 2.5, 24],
			"to": [8.5, 5.5, 25],
			"rotation": {"angle": 45, "axis": "x", "origin": [8, 4.5, 24]},
			"faces": {
				"north": {"uv": [5, 8, 5.5, 9.5], "texture": "#0"},
				"east": {"uv": [5, 8, 5.5, 9.5], "texture": "#0"},
				"south": {"uv": [5, 8, 5.5, 9.5], "texture": "#0"},
				"west": {"uv": [5, 8, 5.5, 9.5], "texture": "#0"},
				"up": {"uv": [5, 9.5, 5.5, 10], "texture": "#0"},
				"down": {"uv": [5, 9.5, 5.5, 10], "texture": "#0"}
			}
		},
		{
			"from": [7.5, 3.5, 24],
			"to": [8.5, 6.5, 25],
			"rotation": {"angle": -45, "axis": "x", "origin": [8, 4.5, 24]},
			"faces": {
				"north": {"uv": [5, 8, 5.5, 9.5], "texture": "#0"},
				"east": {"uv": [5, 8, 5.5, 9.5], "texture": "#0"},
				"south": {"uv": [5, 8, 5.5, 9.5], "texture": "#0"},
				"west": {"uv": [5, 8, 5.5, 9.5], "texture": "#0"},
				"up": {"uv": [5, 9.5, 5.5, 10], "texture": "#0"},
				"down": {"uv": [5, 9.5, 5.5, 10], "texture": "#0"}
			}
		},
		{
			"from": [7.5, 3.5, 22],
			"to": [8.5, 6.5, 23],
			"rotation": {"angle": -45, "axis": "x", "origin": [8, 4.5, 22]},
			"faces": {
				"north": {"uv": [5, 8, 5.5, 9.5], "texture": "#0"},
				"east": {"uv": [5, 8, 5.5, 9.5], "texture": "#0"},
				"south": {"uv": [5, 8, 5.5, 9.5], "texture": "#0"},
				"west": {"uv": [5, 8, 5.5, 9.5], "texture": "#0"},
				"up": {"uv": [5, 9.5, 5.5, 10], "texture": "#0"},
				"down": {"uv": [5, 9.5, 5.5, 10], "texture": "#0"}
			}
		},
		{
			"from": [7.5, 2.5, 22],
			"to": [8.5, 5.5, 23],
			"rotation": {"angle": 45, "axis": "x", "origin": [8, 4.5, 22]},
			"faces": {
				"north": {"uv": [5, 8, 5.5, 9.5], "texture": "#0"},
				"east": {"uv": [5, 8, 5.5, 9.5], "texture": "#0"},
				"south": {"uv": [5, 8, 5.5, 9.5], "texture": "#0"},
				"west": {"uv": [5, 8, 5.5, 9.5], "texture": "#0"},
				"up": {"uv": [5, 9.5, 5.5, 10], "texture": "#0"},
				"down": {"uv": [5, 9.5, 5.5, 10], "texture": "#0"}
			}
		},
		{
			"from": [7.5, 3.5, 20],
			"to": [8.5, 6.5, 21],
			"rotation": {"angle": -45, "axis": "x", "origin": [8, 4.5, 20]},
			"faces": {
				"north": {"uv": [5, 8, 5.5, 9.5], "texture": "#0"},
				"east": {"uv": [5, 8, 5.5, 9.5], "texture": "#0"},
				"south": {"uv": [5, 8, 5.5, 9.5], "texture": "#0"},
				"west": {"uv": [5, 8, 5.5, 9.5], "texture": "#0"},
				"up": {"uv": [5, 9.5, 5.5, 10], "texture": "#0"},
				"down": {"uv": [5, 9.5, 5.5, 10], "texture": "#0"}
			}
		},
		{
			"from": [7.5, 2.5, 20],
			"to": [8.5, 5.5, 21],
			"rotation": {"angle": 45, "axis": "x", "origin": [8, 4.5, 20]},
			"faces": {
				"north": {"uv": [5, 8, 5.5, 9.5], "texture": "#0"},
				"east": {"uv": [5, 8, 5.5, 9.5], "texture": "#0"},
				"south": {"uv": [5, 8, 5.5, 9.5], "texture": "#0"},
				"west": {"uv": [5, 8, 5.5, 9.5], "texture": "#0"},
				"up": {"uv": [5, 9.5, 5.5, 10], "texture": "#0"},
				"down": {"uv": [5, 9.5, 5.5, 10], "texture": "#0"}
			}
		},
		{
			"from": [6, 4, 24],
			"to": [9, 5, 25],
			"rotation": {"angle": -45, "axis": "y", "origin": [8, 4.5, 24]},
			"faces": {
				"north": {"uv": [5, 8, 5.5, 9.5], "rotation": 90, "texture": "#0"},
				"east": {"uv": [5, 9.5, 5.5, 10], "rotation": 270, "texture": "#0"},
				"south": {"uv": [5, 8, 5.5, 9.5], "rotation": 270, "texture": "#0"},
				"west": {"uv": [5, 9.5, 5.5, 10], "rotation": 270, "texture": "#0"},
				"up": {"uv": [5, 8, 5.5, 9.5], "rotation": 270, "texture": "#0"},
				"down": {"uv": [5, 8, 5.5, 9.5], "rotation": 270, "texture": "#0"}
			}
		},
		{
			"from": [7, 4, 24],
			"to": [10, 5, 25],
			"rotation": {"angle": 45, "axis": "y", "origin": [8, 4.5, 24]},
			"faces": {
				"north": {"uv": [5, 8, 5.5, 9.5], "rotation": 90, "texture": "#0"},
				"east": {"uv": [5, 9.5, 5.5, 10], "rotation": 270, "texture": "#0"},
				"south": {"uv": [5, 8, 5.5, 9.5], "rotation": 270, "texture": "#0"},
				"west": {"uv": [5, 9.5, 5.5, 10], "rotation": 270, "texture": "#0"},
				"up": {"uv": [5, 8, 5.5, 9.5], "rotation": 270, "texture": "#0"},
				"down": {"uv": [5, 8, 5.5, 9.5], "rotation": 270, "texture": "#0"}
			}
		},
		{
			"from": [6, 4, 22],
			"to": [9, 5, 23],
			"rotation": {"angle": -45, "axis": "y", "origin": [8, 4.5, 22]},
			"faces": {
				"north": {"uv": [5, 8, 5.5, 9.5], "rotation": 90, "texture": "#0"},
				"east": {"uv": [5, 9.5, 5.5, 10], "rotation": 270, "texture": "#0"},
				"south": {"uv": [5, 8, 5.5, 9.5], "rotation": 270, "texture": "#0"},
				"west": {"uv": [5, 9.5, 5.5, 10], "rotation": 270, "texture": "#0"},
				"up": {"uv": [5, 8, 5.5, 9.5], "rotation": 270, "texture": "#0"},
				"down": {"uv": [5, 8, 5.5, 9.5], "rotation": 270, "texture": "#0"}
			}
		},
		{
			"from": [7, 4, 22],
			"to": [10, 5, 23],
			"rotation": {"angle": 45, "axis": "y", "origin": [8, 4.5, 22]},
			"faces": {
				"north": {"uv": [5, 8, 5.5, 9.5], "rotation": 90, "texture": "#0"},
				"east": {"uv": [5, 9.5, 5.5, 10], "rotation": 270, "texture": "#0"},
				"south": {"uv": [5, 8, 5.5, 9.5], "rotation": 270, "texture": "#0"},
				"west": {"uv": [5, 9.5, 5.5, 10], "rotation": 270, "texture": "#0"},
				"up": {"uv": [5, 8, 5.5, 9.5], "rotation": 270, "texture": "#0"},
				"down": {"uv": [5, 8, 5.5, 9.5], "rotation": 270, "texture": "#0"}
			}
		},
		{
			"from": [6, 4, 20],
			"to": [9, 5, 21],
			"rotation": {"angle": -45, "axis": "y", "origin": [8, 4.5, 20]},
			"faces": {
				"north": {"uv": [5, 8, 5.5, 9.5], "rotation": 90, "texture": "#0"},
				"east": {"uv": [5, 9.5, 5.5, 10], "rotation": 270, "texture": "#0"},
				"south": {"uv": [5, 8, 5.5, 9.5], "rotation": 270, "texture": "#0"},
				"west": {"uv": [5, 9.5, 5.5, 10], "rotation": 270, "texture": "#0"},
				"up": {"uv": [5, 8, 5.5, 9.5], "rotation": 270, "texture": "#0"},
				"down": {"uv": [5, 8, 5.5, 9.5], "rotation": 270, "texture": "#0"}
			}
		},
		{
			"from": [7, 4, 20],
			"to": [10, 5, 21],
			"rotation": {"angle": 45, "axis": "y", "origin": [8, 4.5, 20]},
			"faces": {
				"north": {"uv": [5, 8, 5.5, 9.5], "rotation": 90, "texture": "#0"},
				"east": {"uv": [5, 9.5, 5.5, 10], "rotation": 270, "texture": "#0"},
				"south": {"uv": [5, 8, 5.5, 9.5], "rotation": 270, "texture": "#0"},
				"west": {"uv": [5, 9.5, 5.5, 10], "rotation": 270, "texture": "#0"},
				"up": {"uv": [5, 8, 5.5, 9.5], "rotation": 270, "texture": "#0"},
				"down": {"uv": [5, 8, 5.5, 9.5], "rotation": 270, "texture": "#0"}
			}
		}
	],
	"display": {
		"thirdperson_righthand": {
			"rotation": [0, -180, 0],
			"translation": [0, 3.75, -7],
			"scale": [0.6, 0.6, 0.6]
		},
		"thirdperson_lefthand": {
			"rotation": [0, -180, 0],
			"translation": [0, 3.75, -7],
			"scale": [0.6, 0.6, 0.61]
		},
		"firstperson_righthand": {
			"rotation": [0, 168, -12],
			"translation": [0.5, 5.7, 0],
			"scale": [0.3, 0.5, 0.3]
		},
		"firstperson_lefthand": {
			"rotation": [0, 172, -12],
			"translation": [0, 5.7, 0],
			"scale": [0.3, 0.5, 0.3]
		},
		"ground": {
			"translation": [0, 2, 4.75],
			"scale": [0.5, 0.5, 0.5]
		},
		"gui": {
			"rotation": [-95, -50, -95],
			"translation": [-1.5, 8, 0],
			"scale": [0.1, 0.93, 0.93]
		},
		"head": {
			"rotation": [43, 0, 0],
			"translation": [-7, -27, 8.25],
			"scale": [0.41602, 1, 1]
		},
		"fixed": {
			"rotation": [-90, 45, 90],
			"translation": [0, 8.5, 0],
			"scale": [0.1, 1, 1]
		}
	},
	"groups": [
		{
			"name": "group",
			"origin": [0, 0, -13],
			"color": 0,
			"children": [0, 1, 2, 3, 4]
		},
		{
			"name": "group",
			"origin": [8, 8, 8],
			"color": 0,
			"children": [5, 6, 7, 8, 9, 10, 11, 12, 13, 14, 15, 16, 17]
		}
	]
}