{
	"credit": "Made with Blockbench",
	"textures": {
		"0": "item/atlantis/palms",
		"particle": "item/atlantis/palms"
	},
	"elements": [
		{
			"from": [1, 0, 10],
			"to": [7, 3, 16],
			"faces": {
				"north": {"uv": [3, 13, 9, 16], "texture": "#0"},
				"east": {"uv": [3, 13, 9, 16], "texture": "#0"},
				"south": {"uv": [3, 10, 9, 13], "texture": "#0"},
				"west": {"uv": [3, 10, 9, 13], "texture": "#0"},
				"up": {"uv": [3, 4, 9, 10], "texture": "#0"},
				"down": {"uv": [9, 8, 15, 14], "texture": "#0"}
			}
		},
		{
			"from": [8, 0, 10],
			"to": [14, 3, 16],
			"faces": {
				"north": {"uv": [3, 10, 9, 13], "texture": "#0"},
				"east": {"uv": [3, 13, 9, 16], "texture": "#0"},
				"south": {"uv": [3, 10, 9, 13], "texture": "#0"},
				"west": {"uv": [3, 13, 9, 16], "texture": "#0"},
				"up": {"uv": [3, 4, 9, 10], "texture": "#0"},
				"down": {"uv": [9, 8, 15, 14], "texture": "#0"}
			}
		},
		{
			"from": [1, 0, 3],
			"to": [7, 1, 10],
			"faces": {
				"north": {"uv": [9, 7, 15, 8], "texture": "#0"},
				"east": {"uv": [9, 1, 10, 8], "rotation": 90, "texture": "#0"},
				"south": {"uv": [9, 1, 15, 2], "texture": "#0"},
				"west": {"uv": [14, 8, 15, 1], "rotation": 90, "texture": "#0"},
				"up": {"uv": [15, 1, 9, 8], "texture": "#0"},
				"down": {"uv": [15, 8, 9, 1], "texture": "#0"}
			}
		},
		{
			"from": [0, 0, 4],
			"to": [1, 1, 8],
			"faces": {
				"north": {"uv": [15, 2, 16, 3], "texture": "#0"},
				"south": {"uv": [15, 5, 16, 6], "texture": "#0"},
				"west": {"uv": [15, 6, 16, 2], "rotation": 90, "texture": "#0"},
				"up": {"uv": [15, 2, 16, 6], "texture": "#0"},
				"down": {"uv": [15, 6, 16, 2], "texture": "#0"}
			}
		},
		{
			"from": [14, 0, 4],
			"to": [15, 1, 8],
			"faces": {
				"north": {"uv": [15, 2, 16, 3], "texture": "#0"},
				"east": {"uv": [15, 2, 16, 6], "rotation": 90, "texture": "#0"},
				"south": {"uv": [15, 5, 16, 6], "texture": "#0"},
				"up": {"uv": [15, 2, 16, 6], "texture": "#0"},
				"down": {"uv": [15, 6, 16, 2], "texture": "#0"}
			}
		},
		{
			"from": [3, 0, 2],
			"to": [7, 1, 3],
			"faces": {
				"north": {"uv": [9, 0, 13, 1], "texture": "#0"},
				"east": {"uv": [12, 0, 13, 1], "texture": "#0"},
				"west": {"uv": [9, 0, 10, 1], "texture": "#0"},
				"up": {"uv": [9, 0, 13, 1], "texture": "#0"},
				"down": {"uv": [9, 0, 13, 1], "texture": "#0"}
			}
		},
		{
			"from": [8, 0, 2],
			"to": [12, 1, 3],
			"faces": {
				"north": {"uv": [9, 0, 13, 1], "texture": "#0"},
				"east": {"uv": [12, 0, 13, 1], "texture": "#0"},
				"west": {"uv": [9, 0, 10, 1], "texture": "#0"},
				"up": {"uv": [9, 0, 13, 1], "texture": "#0"},
				"down": {"uv": [9, 0, 13, 1], "texture": "#0"}
			}
		},
		{
			"from": [8, 0, 3],
			"to": [14, 1, 10],
			"faces": {
				"north": {"uv": [9, 7, 15, 8], "texture": "#0"},
				"east": {"uv": [14, 1, 15, 8], "rotation": 90, "texture": "#0"},
				"south": {"uv": [9, 1, 15, 2], "texture": "#0"},
				"west": {"uv": [9, 1, 10, 8], "rotation": 90, "texture": "#0"},
				"up": {"uv": [15, 8, 9, 1], "rotation": 180, "texture": "#0"},
				"down": {"uv": [15, 1, 9, 8], "rotation": 180, "texture": "#0"}
			}
		}
	],
	"display": {
		"thirdperson_righthand": {
			"translation": [0, 2, -2.5],
			"scale": [0.55, 0.55, 0.55]
		},
		"thirdperson_lefthand": {
			"translation": [0, 2, -2.5],
			"scale": [0.55, 0.55, 0.55]
		},
		"firstperson_righthand": {
			"rotation": [85, 20, 30],
			"translation": [3, 1, 1],
			"scale": [0.5, 0.5, 0.5]
		},
		"firstperson_lefthand": {
			"rotation": [85, 20, 30],
			"translation": [3, 1, 1],
			"scale": [0.5, 0.5, 0.5]
		},
		"ground": {
			"translation": [0, 4.75, 0]
		},
		"gui": {
			"rotation": [90, 0, 0],
			"translation": [0.5, 1, 0]
		},
		"head": {
			"translation": [0.5, 4, -8]
		},
		"fixed": {
			"rotation": [90, 0, 180],
			"translation": [0, 1, -7]
		}
	}
}