{
	"credit": "Made with Blockbench",
	"texture_size": [8, 8],
	"textures": {
		"0": "item/atlantis/rune",
		"1": "item/atlantis/rune_pierre",
		"particle": "item/atlantis/rune"
	},
	"elements": [
		{
			"from": [6, 2, 7.5],
			"to": [10, 14, 8.5],
			"faces": {
				"north": {"uv": [2, 0, 6, 12], "texture": "#0"},
				"east": {"uv": [15, 0, 16, 12], "texture": "#0"},
				"south": {"uv": [2, 0, 6, 12], "texture": "#0"},
				"west": {"uv": [15, 0, 16, 12], "texture": "#0"},
				"up": {"uv": [14, 14, 10, 13], "texture": "#0"},
				"down": {"uv": [14, 13, 10, 14], "texture": "#0"}
			}
		},
		{
			"from": [5, 3, 7.5],
			"to": [11, 13, 8.5],
			"faces": {
				"north": {"uv": [1, 1, 7, 11], "texture": "#0"},
				"east": {"uv": [15, 1, 16, 11], "texture": "#0"},
				"south": {"uv": [1, 1, 7, 11], "texture": "#0"},
				"west": {"uv": [15, 1, 16, 11], "texture": "#0"},
				"up": {"uv": [9, 15, 15, 16], "texture": "#0"},
				"down": {"uv": [9, 15, 15, 16], "texture": "#0"}
			}
		},
		{
			"from": [4, 6, 7.5],
			"to": [12, 10, 8.5],
			"faces": {
				"north": {"uv": [0, 4, 8, 8], "texture": "#0"},
				"east": {"uv": [13, 4, 14, 8], "texture": "#0"},
				"south": {"uv": [0, 4, 8, 8], "texture": "#0"},
				"west": {"uv": [13, 4, 14, 8], "texture": "#0"},
				"up": {"uv": [8, 15, 16, 16], "texture": "#0"},
				"down": {"uv": [8, 15, 16, 16], "texture": "#0"}
			}
		},
		{
			"from": [6, 4, 7],
			"to": [10, 12, 9],
			"faces": {
				"north": {"uv": [2, 2, 6, 10], "texture": "#0"},
				"east": {"uv": [14, 2, 16, 10], "texture": "#0"},
				"south": {"uv": [2, 2, 6, 10], "texture": "#0"},
				"west": {"uv": [14, 2, 16, 10], "texture": "#0"},
				"up": {"uv": [10, 14, 14, 16], "texture": "#0"},
				"down": {"uv": [10, 14, 14, 16], "texture": "#0"}
			}
		},
		{
			"from": [7, 6, 6.5],
			"to": [9, 10, 9.5],
			"faces": {
				"north": {"uv": [0, 0, 8, 8], "texture": "#1"},
				"east": {"uv": [8, 0, 10, 8], "texture": "#1"},
				"south": {"uv": [0, 0, 8, 8], "texture": "#1"},
				"west": {"uv": [8, 0, 10, 8], "texture": "#1"},
				"up": {"uv": [2, 8, 8, 10], "texture": "#1"},
				"down": {"uv": [2, 8, 8, 10], "texture": "#1"}
			}
		}
	],
	"display": {
		"thirdperson_righthand": {
			"translation": [0, 3, 1],
			"scale": [0.55, 0.55, 0.55]
		},
		"thirdperson_lefthand": {
			"translation": [0, 3, 1],
			"scale": [0.55, 0.55, 0.55]
		},
		"firstperson_righthand": {
			"rotation": [25, -75, 25],
			"translation": [1.13, 3.2, 1.13],
			"scale": [0.68, 0.68, 0.68]
		},
		"firstperson_lefthand": {
			"rotation": [25, -75, 25],
			"translation": [1.13, 3.2, 1.13],
			"scale": [0.68, 0.68, 0.68]
		},
		"ground": {
			"rotation": [90, 0, 0],
			"translation": [0, -1, 0],
			"scale": [0.5, 0.5, 0.5]
		},
		"head": {
			"rotation": [0, 180, 0],
			"translation": [0, 13, 7]
		},
		"fixed": {
			"rotation": [0, 180, 0]
		}
	}
}