{
	"pools": [
		{
			"rolls": {
				"type": "uniform",
				"max": 25,
				"min": 13
			},
			"bonus_rolls": 0,
			"entries": [
				{
					"type": "minecraft:item",
					"name": "sand",
					"weight": 20
				},
				{
					"type": "minecraft:item",
					"name": "gravel",
					"weight": 20
				},
				{
					"type": "minecraft:item",
					"name": "kelp",
					"weight": 10
				},
				{
					"type": "minecraft:item",
					"name": "seagrass",
					"weight": 10
				},
				{
					"type": "minecraft:item",
					"name": "nautilus_shell",
					"weight": 5
				},
				{
					"type": "minecraft:loot_table",
					"name": "atlantide:ruines_jewelry",
					"weight": 3
				},
				{
					"type": "minecraft:loot_table",
					"name": "atlantide:i/runes",
					"weight": 3
				},
				{
					"type": "minecraft:loot_table",
					"name": "atlantide:ruines_tresaur",
					"weight": 2
				}
			]
		}
	]
}