{
	"pools": [
		{
			"rolls": {
				"type": "uniform",
				"max": 3,
				"min": 1
			},
			"entries": [
				{
					"type": "minecraft:item",
					"name": "iron_nugget",
					"weight": 4
				},
				{
					"type": "minecraft:item",
					"name": "gold_nugget",
					"weight": 3
				},
				{
					"type": "minecraft:item",
					"name": "diamond",
					"weight": 1
				},
				{
					"type": "minecraft:item",
					"name": "emerald",
					"weight": 1
				}
			]
		},
		{
			"rolls": 1,
			"conditions": [
				{
					"condition": "random_chance",
					"chance": 0.05
				}
			],
			"entries": [
				{
					"type": "minecraft:item",
					"name": "heart_of_the_sea",
					"weight": 1
				}
			]
		}
	]
}